Kategori,Link
Travel,https://books.toscrape.com/catalogue/books/travel_2/index.html
Mystery,https://books.toscrape.com/catalogue/books/mystery_3/index.html
Historical Fiction,https://books.toscrape.com/catalogue/books/historical-fiction_4/index.html
Sequential Art,https://books.toscrape.com/catalogue/books/sequential-art_5/index.html
Classics,https://books.toscrape.com/catalogue/books/classics_6/index.html
Philosophy,https://books.toscrape.com/catalogue/books/philosophy_7/index.html
Romance,https://books.toscrape.com/catalogue/books/romance_8/index.html
Womens Fiction,https://books.toscrape.com/catalogue/books/womens-fiction_9/index.html
Fiction,https://books.toscrape.com/catalogue/books/fiction_10/index.html
Childrens,https://books.toscrape.com/catalogue/books/childrens_11/index.html
Religion,https://books.toscrape.com/catalogue/books/religion_12/index.html
Nonfiction,https://books.toscrape.com/catalogue/books/nonfiction_13/index.html
Music,https://books.toscrape.com/catalogue/books/music_14/index.html
Default,https://books.toscrape.com/catalogue/books/default_15/index.html
Science Fiction,https://books.toscrape.com/catalogue/books/science-fiction_16/index.html
Sports and Games,https://books.toscrape.com/catalogue/books/sports-and-games_17/index.html
Add a comment,https://books.toscrape.com/catalogue/books/add-a-comment_18/index.html
Fantasy,https://books.toscrape.com/catalogue/books/fantasy_19/index.html
New Adult,https://books.toscrape.com/catalogue/books/new-adult_20/index.html
Young Adult,https://books.toscrape.com/catalogue/books/young-adult_21/index.html
Science,https://books.toscrape.com/catalogue/books/science_22/index.html
Poetry,https://books.toscrape.com/catalogue/books/poetry_23/index.html
Paranormal,https://books.toscrape.com/catalogue/books/paranormal_24/index.html
Art,https://books.toscrape.com/catalogue/books/art_25/index.html
Psychology,https://books.toscrape.com/catalogue/books/psychology_26/index.html
Autobiography,https://books.toscrape.com/catalogue/books/autobiography_27/index.html
Parenting,https://books.toscrape.com/catalogue/books/parenting_28/index.html
Adult Fiction,https://books.toscrape.com/catalogue/books/adult-fiction_29/index.html
Humor,https://books.toscrape.com/catalogue/books/humor_30/index.html
Horror,https://books.toscrape.com/catalogue/books/horror_31/index.html
History,https://books.toscrape.com/catalogue/books/history_32/index.html
Food and Drink,https://books.toscrape.com/catalogue/books/food-and-drink_33/index.html
Christian Fiction,https://books.toscrape.com/catalogue/books/christian-fiction_34/index.html
Business,https://books.toscrape.com/catalogue/books/business_35/index.html
Biography,https://books.toscrape.com/catalogue/books/biography_36/index.html
Thriller,https://books.toscrape.com/catalogue/books/thriller_37/index.html
Contemporary,https://books.toscrape.com/catalogue/books/contemporary_38/index.html
Spirituality,https://books.toscrape.com/catalogue/books/spirituality_39/index.html
Academic,https://books.toscrape.com/catalogue/books/academic_40/index.html
Self Help,https://books.toscrape.com/catalogue/books/self-help_41/index.html
Historical,https://books.toscrape.com/catalogue/books/historical_42/index.html
Christian,https://books.toscrape.com/catalogue/books/christian_43/index.html
Suspense,https://books.toscrape.com/catalogue/books/suspense_44/index.html
Short Stories,https://books.toscrape.com/catalogue/books/short-stories_45/index.html
Novels,https://books.toscrape.com/catalogue/books/novels_46/index.html
Health,https://books.toscrape.com/catalogue/books/health_47/index.html
Politics,https://books.toscrape.com/catalogue/books/politics_48/index.html
Cultural,https://books.toscrape.com/catalogue/books/cultural_49/index.html
Erotica,https://books.toscrape.com/catalogue/books/erotica_50/index.html
Crime,https://books.toscrape.com/catalogue/books/crime_51/index.html
